{"cameraMode":{"drawMode":0,"name":"Shaded","section":"Shading Mode"},"sceneLighting":false,"audioPlay":false,"sceneViewState":{"showFog":false,"showMaterialUpdate":false,"showSkybox":false,"showFlares":false,"showImageEffects":false,"showParticleSystems":false},"in2DMode":false,"pivot":{"x":189.8536376953125,"y":294.9390563964844,"z":193.37222290039063},"rotation":{"x":0.04346778243780136,"y":0.0305786170065403,"z":-0.0013255929807201028,"w":0.9986163973808289},"size":783.3035888671875,"orthographic":false}