{"cameraMode":{"drawMode":0,"name":"Shaded","section":"Shading Mode"},"sceneLighting":false,"audioPlay":false,"sceneViewState":{"showFog":false,"showMaterialUpdate":false,"showSkybox":false,"showFlares":false,"showImageEffects":false,"showParticleSystems":false},"in2DMode":false,"pivot":{"x":93.9512939453125,"y":250.7089080810547,"z":-33.001495361328128},"rotation":{"x":0.10098893940448761,"y":0.43411722779273989,"z":-0.04904090240597725,"w":0.8938664197921753},"size":474.8837585449219,"orthographic":false}