{"cameraMode":{"drawMode":0,"name":"Shaded","section":"Shading Mode"},"sceneLighting":false,"audioPlay":false,"sceneViewState":{"showFog":false,"showMaterialUpdate":false,"showSkybox":false,"showFlares":false,"showImageEffects":false,"showParticleSystems":false},"in2DMode":false,"pivot":{"x":-4.237909317016602,"y":1.4761614799499512,"z":29.005130767822267},"rotation":{"x":-0.039833810180425647,"y":0.46423470973968508,"z":-0.020903553813695909,"w":-0.8845789432525635},"size":45.929893493652347,"orthographic":false}