{"cameraMode":{"drawMode":0,"name":"Shaded","section":"Shading Mode"},"sceneLighting":false,"audioPlay":false,"sceneViewState":{"showFog":false,"showMaterialUpdate":false,"showSkybox":false,"showFlares":false,"showImageEffects":false,"showParticleSystems":false},"in2DMode":false,"pivot":{"x":17.94816780090332,"y":16.64796257019043,"z":45.07157516479492},"rotation":{"x":0.05528413504362106,"y":0.702658474445343,"z":-0.05491607263684273,"w":0.7072917819023132},"size":9.53676986694336,"orthographic":false}