{"cameraMode":{"drawMode":0,"name":"Shaded","section":"Shading Mode"},"sceneLighting":false,"audioPlay":false,"sceneViewState":{"showFog":false,"showMaterialUpdate":false,"showSkybox":false,"showFlares":false,"showImageEffects":false,"showParticleSystems":false},"in2DMode":false,"pivot":{"x":33.07344055175781,"y":-0.11314535140991211,"z":18.919422149658204},"rotation":{"x":0.050362538546323779,"y":0.94963538646698,"z":-0.21734824776649476,"w":0.22004252672195435},"size":24.71300506591797,"orthographic":false}