{"cameraMode":{"drawMode":0,"name":"Shaded","section":"Shading Mode"},"sceneLighting":false,"audioPlay":false,"sceneViewState":{"showFog":false,"showMaterialUpdate":false,"showSkybox":false,"showFlares":false,"showImageEffects":false,"showParticleSystems":false},"in2DMode":false,"pivot":{"x":-2.900412082672119,"y":3.6889500617980959,"z":-1.3278522491455079},"rotation":{"x":0.10098893940448761,"y":0.43411722779273989,"z":-0.04904090240597725,"w":0.8938664197921753},"size":3.8118841648101808,"orthographic":false}