{"cameraMode":{"drawMode":0,"name":"Shaded","section":"Shading Mode"},"sceneLighting":false,"audioPlay":false,"sceneViewState":{"showFog":false,"showMaterialUpdate":false,"showSkybox":false,"showFlares":false,"showImageEffects":false,"showParticleSystems":false},"in2DMode":false,"pivot":{"x":4.947279930114746,"y":27.444522857666017,"z":27.245027542114259},"rotation":{"x":0.03627821058034897,"y":0.7017560601234436,"z":-0.035816725343465808,"w":0.7106347680091858},"size":15.11358642578125,"orthographic":false}