{"cameraMode":{"drawMode":0,"name":"Shaded","section":"Shading Mode"},"sceneLighting":false,"audioPlay":false,"sceneViewState":{"showFog":false,"showMaterialUpdate":false,"showSkybox":false,"showFlares":false,"showImageEffects":false,"showParticleSystems":false},"in2DMode":false,"pivot":{"x":31.848812103271486,"y":18.77800750732422,"z":27.356693267822267},"rotation":{"x":0.011913764290511608,"y":-0.11940982937812805,"z":-0.0014327525859698654,"w":-0.9927827715873718},"size":70.09293365478516,"orthographic":false}