{"cameraMode":{"drawMode":0,"name":"Shaded","section":"Shading Mode"},"sceneLighting":false,"audioPlay":false,"sceneViewState":{"showFog":false,"showMaterialUpdate":false,"showSkybox":false,"showFlares":false,"showImageEffects":false,"showParticleSystems":false},"in2DMode":false,"pivot":{"x":28.85722541809082,"y":11.541083335876465,"z":54.32581329345703},"rotation":{"x":0.29003065824508669,"y":0.390974223613739,"z":-0.13131223618984223,"w":0.8636228442192078},"size":12.479742050170899,"orthographic":false}