{"cameraMode":{"drawMode":0,"name":"Shaded","section":"Shading Mode"},"sceneLighting":false,"audioPlay":false,"sceneViewState":{"showFog":false,"showMaterialUpdate":false,"showSkybox":false,"showFlares":false,"showImageEffects":false,"showParticleSystems":false},"in2DMode":false,"pivot":{"x":-30.467939376831056,"y":12.331010818481446,"z":-3.812108039855957},"rotation":{"x":0.13456235826015473,"y":-0.6274445652961731,"z":0.11126295477151871,"w":0.7588540315628052},"size":120.12625122070313,"orthographic":false}