{"cameraMode":{"drawMode":0,"name":"Shaded","section":"Shading Mode"},"sceneLighting":false,"audioPlay":false,"sceneViewState":{"showFog":false,"showMaterialUpdate":false,"showSkybox":false,"showFlares":false,"showImageEffects":false,"showParticleSystems":false},"in2DMode":false,"pivot":{"x":24.32915687561035,"y":3.6016335487365724,"z":20.407482147216798},"rotation":{"x":0.22519813477993012,"y":0.08378227055072785,"z":-0.01943347603082657,"w":0.9705314040184021},"size":15.30545425415039,"orthographic":false}