{"cameraMode":{"drawMode":0,"name":"Shaded","section":"Shading Mode"},"sceneLighting":false,"audioPlay":false,"sceneViewState":{"showFog":false,"showMaterialUpdate":false,"showSkybox":false,"showFlares":false,"showImageEffects":false,"showParticleSystems":false},"in2DMode":false,"pivot":{"x":-4.470053195953369,"y":4.658447742462158,"z":1.0262778997421265},"rotation":{"x":0.10098893940448761,"y":0.43411722779273989,"z":-0.04904090240597725,"w":0.8938664197921753},"size":4.9669060707092289,"orthographic":false}